<?xml version="1.0" encoding="UTF-8"?>
<rss version="2.0" xmlns:atom="http://www.w3.org/2005/Atom">
	<channel>
		<title></title>
		<description>Projects of Tan Bui</description>
		<link>/</link>
		<atom:link href="/feed.xml" rel="self" type="application/rss+xml" />
		
			<item>
				<title>Tâm lý ngại chia sẻ</title>
				<description>&lt;p&gt;Ngành CNTT hay vốn bản chất được đi lên từ ngành Khoa học máy tính với những nhu cầu tính toán số học của con người, từ những chiếc máy tính điện tử đầu tiên như ENIAC (ra đời năm 1946) là một thiết bị khổng lồ nặng hàng tấn, mãi đến 1970 người ta bắt đầu nghiên cứu ra mạng viễn thông để kết nối và liên lạc các máy tính lại với nhau, cùng với sự phát triển không ngừng nghỉ Internet được ấp ủ từ đó cho đến những năm 1994 có được kết nối TCP/IP và 1991 chúng ta có WWW (Một ý tưởng về siêu văn bản để có được những website ngày hôm nay). Sau đó là 1994 TCP/IP được quy chuẩn, chúng ta có những Video chia sẻ đầu tiên trên mạng Internet. Cùng với sự phát triển đó thì Việt Nam cũng hoà vào mạng Internet toàn cầu năm 1997 sau những cố gắng từ năm 1994.
Nhìn chung là vậy nhưng để Internet bây giờ phát triển tại Việt Nam hay toàn thế giới chóng mặt như vậy chúng ta không thể không kể đến những sự chia sẻ của cộng đồng từ những ngày đầu tiên cho đến tận bây giờ đã có rất nhiều những công nghệ mới mà chúng ta phải luôn luôn tìm tòi và học hỏi nó.
Học ở đâu? thì câu trả lời rõ ràng đó là từ Internet.
Vì sao CNTT lại được Ấn Độ chú trọng đưa vào một trong những ngành công nghiệp trọng điểm thì câu trả lời là ở sự lớn mạnh của CNTT bây giờ. Cũng như chúng ta có thể thoải mái tham gia vào những cộng đồng CNTT lớn mạnh trên toàn thế giới để học hỏi và chia sẻ mà không hề tốn kém chi phí đi lại hay học phí cả.&lt;/p&gt;

&lt;p&gt;Tôi bước vào Công nghệ thông tin (CNTT) từ khi còn rất nhỏ, và mọi thứ luôn bắt đầu từ con số 0 tròn trĩnh. Để có được những bước tiến như ngày hôm nay thì việc không ngừng cố gắng học hỏi và chia sẻ là không thể thiếu. Và ở đâu chúng ta có được những sự chia sẻ quý báu đó, đó chính ở tâm lý “không ngại” chia sẻ của mỗi cá nhân mong muốn học hỏi.&lt;/p&gt;

&lt;p&gt;Tôi cũng đã gặp gỡ nhiều người, tiếp xúc và sẻ chia với họ. Và tôi vẫn luôn thắc mắc có những người không hề ngại khó, luôn luôn học hỏi và sẵn sàng chia sẻ với người khác, đó là số ít. Còn lại tâm lý chung những người có bề dày kiến thức lại ít chia sẻ kinh nghiệm của bản thân, hay nói cách khác họ thường lắng nghe nhiều hơn để biết thêm được nhiều cho bản thân chứ chưa chắc giúp bản thân đối phương có được nhiều kiến thức hơn.
Cũng có những người thì hiểu biết quá ít nên không hề chia sẻ giống như một dạng tâm lý ngại chia sẻ kiểu “giấu dốt”, vì chính họ sợ rằng khi nói ra sẽ bị người khác so sánh và không tôn trọng. hay ở chính bản thân những người mong muốn được chia sẻ lại không thể tìm đến nhau.&lt;/p&gt;

&lt;p&gt;Đó cũng là câu chuyện trải nghiệm khi tôi trải qua khá nhiều công ty về CNTT ở Việt Nam hiện nay. Tôi đều may mắn được gặp các bạn thực tập viên, sinh viên đang học và chia sẻ kinh nghiệm chuyên ngành của mình với các bạn, và không quên nhắn nhủ rất nhiều rằng tôi luôn luôn sẵn sàng chia sẻ hay hỗ trợ các bạn tìm hiểu bất cứ khi nào các bạn gặp khó, cũng như luôn luôn tiếp thu các kiến thức mới khi các bạn biết mà tôi cũng chập chững tìm hiểu để cùng nhau tiến bộ. Và tất nhiên sau những lần đó thì kết quả rằng con số tìm đến tôi chỉ có thể đếm trên đầu ngón tay (cũng tốt vì dù sao mỗi đầu ngón tay đó đều có sự tiến triển rõ ràng). 
Vậy tôi đi tìm nguyên nhân cho chính những kết quả đó thì có chia rằng tâm lý “ngại chia sẻ” được chia làm 3 loại chính:
Ngại làm phiền (vì chính bản thân các bạn không hề muốn bị làm phiền),
Giấu dốt hay giấu kiến thức (nguyên do rằng các bạn luôn tự ti về bản thân mà sợ chia sẻ với người khác sẽ làm mình kém đi hoặc cũng như bị người khác vượt qua), 
Thiếu lòng tin hay kiêu ngạo (bản thân bạn tự cảm thấy mình giỏi và người khác không thể làm được, cũng như cảm thấy rằng không tin tưởng đối phương sẽ cùng giúp cho cả 2 tiến bộ lên)&lt;/p&gt;

&lt;p&gt;Tuy nhiên nhìn về khía cạnh con người chúng ta trong những giai đoạn thăng trầm phát triển của đất nước, chiến tranh, áp bức bóc lột rồi đến sự phân hoá giàu nghèo làm cho con người ta bớt gần lại với nhau, ít chia sẻ với nhau đi. để mãi không thể thoát ra khỏi cái tâm lý “ngại chia sẻ”.&lt;/p&gt;
</description>
				<pubDate>Sun, 14 Sep 2014 00:00:00 +0700</pubDate>
				<link>http://buminta.com/blog/2014/09/14/tam-ly-ngai-chia-se.html</link>
				<guid isPermaLink="true">/blog/2014/09/14/tam-ly-ngai-chia-se.html</guid>
			</item>
		
			<item>
				<title>Welcome</title>
				<description>&lt;p&gt;Hi everybody, I’m welcome you to views github pages of me.
I’m developer all platform and i’m always trying, trying learn to the good developer.
Here, I’m shares somethings I know and some projects make by me.
Thanks for viewers.&lt;/p&gt;

&lt;div class=&quot;highlight&quot;&gt;&lt;pre&gt;&lt;code class=&quot;language-ruby&quot; data-lang=&quot;ruby&quot;&gt;&lt;span class=&quot;k&quot;&gt;def&lt;/span&gt; &lt;span class=&quot;nf&quot;&gt;begining&lt;/span&gt;
  &lt;span class=&quot;nb&quot;&gt;puts&lt;/span&gt; &lt;span class=&quot;s1&quot;&gt;&amp;#39;welcome everybody&amp;#39;&lt;/span&gt;
&lt;span class=&quot;k&quot;&gt;end&lt;/span&gt;&lt;/code&gt;&lt;/pre&gt;&lt;/div&gt;

</description>
				<pubDate>Sat, 06 Sep 2014 00:00:00 +0700</pubDate>
				<link>http://buminta.com/github/2014/09/06/welcome.html</link>
				<guid isPermaLink="true">/github/2014/09/06/welcome.html</guid>
			</item>
		
			<item>
				<title>Nguyên tắc quan trọng trong xây dựng hệ thống (server)</title>
				<description>&lt;ul&gt;
  &lt;li&gt;Ghi log chi tiết tất cả mọi thứ, mọi lúc. Dữ liệu log trong database tránh tham chiếu đến các bảng db khác mà lưu giá trị cụ thể, ví dụ: log product thì ngoài product id phải lưu cả product_price, product_title… để tránh các giá trị thay đổi theo thời gian bởi người dùng&lt;/li&gt;
  &lt;li&gt;Xây dựng hệ thống error trace chi tiết và rõ ràng phục vụ cho debug và dễ dàng xóa bỏ khi deploy&lt;/li&gt;
  &lt;li&gt;Quản lý danh sách các tài khoản test, sandbox để dễ dàng và chính xác trong việc thống kê và remove khi deploy chính thức&lt;/li&gt;
  &lt;li&gt;Cung cấp hệ thống bảo mật, xác thực ngay từ đầu 1 cách tổng quát cho chức năng, tài khoản truy cập, token cho bên thứ 3 để quản lý việc ai được sử dụng chức năng…, ghi log truy cập của người dùng… Ví dụ cp muốn sử dụng api thì phải đăng ký api_key dành riêng cho mỗi cp, giúp cho việc log và quản lý dễ dàng, bảo mật…&lt;/li&gt;
  &lt;li&gt;Luôn luôn backup dữ liệu:
    &lt;ul&gt;
      &lt;li&gt;source qua svn bằng cách tạo quy trình deployment với branchs, tags… 
   Ví dụ: khi deploy product thì cần:
   . tạo 1 bản tag theo version kèm ngày tương ứng 1.0.20140109, 2.3.20140103… 
   . sau đó export ra thư mục deployment
   khi cần sửa 1 chức năng nhỏ trong bản release 1.0.20130518 mà source đang phát triển cho 2.0 rồi thì cần:
   . tạo 1 bản branch từ bản tag 1.0.20130518 với tên là “version_mục_đích_thay_đổi”
   . sau đó sửa trên bản branch đến khi hoàn thiện
   . cập nhật sang source trunk
   . tạo tag với version cũ và ngày release vd: 1.0.20130624
   . backup thư mục source deployment vào 1 thư mục backup với tên thư mục là ngày tháng năm backup như 20140901
   . export đè vào thư mục source deployment&lt;/li&gt;
      &lt;li&gt;databases backup tự động định kỳ hàng ngày/tuần/tháng&lt;/li&gt;
      &lt;li&gt;backup databases manual mỗi lần nâng cấp hệ thống, test hệ thống&lt;/li&gt;
    &lt;/ul&gt;
  &lt;/li&gt;
  &lt;li&gt;Luôn sao database chính ra 1 db tạm khi thử chức năng mới mà có kết nối đến db kể cả có chỉnh sửa db hay ko&lt;/li&gt;
  &lt;li&gt;Tạo thư mục source, database, tk riêng cho mỗi developer trong quá trình dev, ko dùng chung với db và deployed source&lt;/li&gt;
  &lt;li&gt;Lưu tất cả tài khoản liên quan đến hệ thống như tk server, database, svn, quản trị… xuống note, server hoặc lưu trữ vào bất kỳ nơi nào an toàn, đảm bảo và cập nhật ngay khi có sự thay đổi&lt;/li&gt;
  &lt;li&gt;Nghiêm chỉnh chấp hành các quy trình bảo mật và an toàn dữ liệu trên dù chỉ thay đổi nhỏ hoặc đơn giản&lt;/li&gt;
&lt;/ul&gt;
</description>
				<pubDate>Sat, 06 Sep 2014 00:00:00 +0700</pubDate>
				<link>http://buminta.com/developer/2014/09/06/nguyen-tac-co-ban-trong-xay-dung-he-thong-server.html</link>
				<guid isPermaLink="true">/developer/2014/09/06/nguyen-tac-co-ban-trong-xay-dung-he-thong-server.html</guid>
			</item>
		
			<item>
				<title>Ngôn ngữ lập trình nào tốt nhất?</title>
				<description>&lt;p&gt;Xin chào các bạn, nếu các bạn đến với bài viết vì vì cái câu hỏi vu vơ kia và cũng chỉ để xem ngôn ngữ lập trình nào là tốt nhất, để rồi đắc ý khoe khoang thứ ngôn ngữ mình đang theo là đỉnh cao nhất, là anh cả của các ông dung ngôn ngữ khác, thì thực sự xin lỗi bạn sẽ không tìm được thứ như mình mong muốn đâu.
Vậy, ngôn ngữ lập trình nào tốt nhất, mình xin mạo muội nói rằng các bạn không thể đem so sánh ngôn ngữ nào hơn ngôn ngữ nào, vì đơn giản mỗi ngôn ngữ lập trình đều có điểm mạnh điểm yếu riêng, cũng như nó thích hợp với từng nền tảng khác nhau, chả ai đem Passcal đi để lập trình web cả, cũng chả ai đem PHP để viết mấy cái chương trình console tính toán cơ bản đâu.&lt;/p&gt;

&lt;p&gt;Vậy tại sao vẫn phân các ngôn ngữ lập trình làm chi, sao không làm 1 cho tất cả: thực ra thì mình nghĩ điều này ai chả muốn, nhưng mọi người hãy xem rằng khi lập trình mới nhen nhóm phát triển thì có hàng trăm nghìn tổ chức cùng phát triển, nó sẽ rẽ nhiều nhánh khác nhau, và tất nhiên nó sẽ không thể hợp nhất được. điều các bạn cần là hãy làm đi, và cần những gì để đủ làm với nó, đó chính là kiến thức về hướng đối tượng, kĩ năng thao tác với hệ cơ sở dữ liệu và các thuật toán tối ưu siêu dị của chính bạn là chìa khóa để trở thành những người Dev tốt nhất…
Và điều quan trọng để bạn tiếp cận các ngôn ngữ đó là hiểu nó là gì, thông dịch, biên dịch hay có hướng đối tượng hay không? Để có thể lựa chọn phù hợp nhất cho sản phẩm sắp phát triển của bạn. Vậy tiếp theo mình sẽ nói sơ qua về các khái niệm phân biệt ngôn ngữ lập trình kia cho những bạn nào đang quan tâm:&lt;/p&gt;

&lt;p&gt;Thông dịch hay biên dịch:&lt;/p&gt;

&lt;ul&gt;
  &lt;li&gt;
    &lt;p&gt;Thông dịch là gì? Thông dịch hay còn có thể gọi là ngôn ngữ hướng dòng, Nghĩa là khi chương trình của bạn chạy, thì sẽ chẳng cần qua khâu biên dịch mà chạy được ngay, đến dòng nào nó làm công việc đó, và đến dòng lỗi chương trình sẽ đứng lại không đi tiếp (Chúng ta ko đề cập tới sử dụng khái niệm ‘ngoại lệ’ ở đây nhé), thông dịch phổ biến ở các ngôn ngữ lập trình web như PHP, Python hay ở Ngôn ngữ máy huyền thoại Assembly mà ko phải ai cũng dám sờ vào nó/ Với những loại này thì hiệu quả chương trình với hiệu năng thời gian nhanh hơn hẳn, vì chẳng mất thời gian để build chương trình cũng như code đến đâu test luôn đến đó. Cơ chế bảo mật ko thể cao hơn biên dịch, dễ dàng bỏ sót các lỗi Sytax Error trong lập trình.&lt;/p&gt;
  &lt;/li&gt;
  &lt;li&gt;
    &lt;p&gt;Biên dịch là gì? Biên dịch lại đi ngược với thông dịch, trước khi chương trình được chạy thì nó cần được biên dịch thành 1 tệp tin chương trình trước, và quá trình này sẽ rà soát các lỗi Sytax Error để ko cho phép chương trình được biên dịch nếu còn lỗi cú pháp. Và tất nhiên thời gian cho các chương trình này sẽ cần thời gian biên dịch chương trình trước, cũng như cần khai báo 1 hàm main để chương trình chạy nó trước (Không giống với thông dịch, chạy file nào thì thực hiện lệnh ở đó, không cần khai báo hàm main). Và tất nhiên biên dịch sẽ không thể gặp lỗi cú pháp khi chương trình chạy cũng như bảo mật tốt hơn. Những ngôn ngữ biên dịch phổ biến như: C++, C#, Java.&lt;/p&gt;
  &lt;/li&gt;
&lt;/ul&gt;

&lt;p&gt;Vậy còn hướng đối tượng hay hướng cấu trúc: &lt;/p&gt;

&lt;ul&gt;
  &lt;li&gt;
    &lt;p&gt;Hầu hết các ngôn ngữ hiện nay đều là hướng đối tượng trừ C thì vẫn hướng cấu trúc, và hiểu nôm na hướng đối tượng giống như một kiểu mở rộng của hướng cấu trúc.&lt;/p&gt;
  &lt;/li&gt;
  &lt;li&gt;
    &lt;p&gt;Hướng cấu trúc là các khối lệnh được sử dụng nhiều lần sẽ được nhóm lại thành một hàm xử lý riêng biệt và được dùng lại mỗi khi cần, cũng như các câu lệnh sẽ được thực thi theo trình tự hay lặp đi lặp lại nhiều lần.&lt;/p&gt;
  &lt;/li&gt;
  &lt;li&gt;
    &lt;p&gt;Còn hướng đối tượng thì được mở rộng hơn với các Lớp, đối tượng và Khái niệm đóng gói, Hay có thể là Blocking hay Non-Blocking, Và đây chính là giải pháp để chúng ta có thể phát triển các ứng dụng với sự phân cấp các chức năng sâu hơn, rõ ràng hơn hay thể hiện gần sát nhất với chức năng của từng đối tượng cũng như thể hiện sự liên quan của các đối tượng tới nhau như kế thừa, kết tập và có thể tạo nhiều đối tượng có các hành động gần giống nhau mà lại mang các thuộc tính khác nhau…&lt;/p&gt;
  &lt;/li&gt;
&lt;/ul&gt;

&lt;p&gt;Trên đây là ý kiến chủ quan của mình về những khái niệm căn bản trong lập trình, mong rằng giúp ích cho các bạn, hẹn gặp lại các bạn trong bài viết tiếp theo.&lt;/p&gt;

&lt;p&gt;K.T Buminta.&lt;/p&gt;
</description>
				<pubDate>Sat, 06 Sep 2014 00:00:00 +0700</pubDate>
				<link>http://buminta.com/language/2014/09/06/ngon-ngu-lap-trinh-nao-tot-nhat.html</link>
				<guid isPermaLink="true">/language/2014/09/06/ngon-ngu-lap-trinh-nao-tot-nhat.html</guid>
			</item>
		
			<item>
				<title>Framework MVC for build web application by NodeJS</title>
				<description>&lt;p&gt;&lt;a href=&quot;https://github.com/Buminta/WNodeJS&quot;&gt;Beta version from git&lt;/a&gt;&lt;/p&gt;

&lt;h2 id=&quot;mvc-framework-for-build-web-application&quot;&gt;MVC Framework for build web application&lt;/h2&gt;

&lt;div class=&quot;highlight&quot;&gt;&lt;pre&gt;&lt;code class=&quot;language-javascript&quot; data-lang=&quot;javascript&quot;&gt;&lt;span class=&quot;c1&quot;&gt;//configs.js&lt;/span&gt;
&lt;span class=&quot;nx&quot;&gt;module&lt;/span&gt;&lt;span class=&quot;p&quot;&gt;.&lt;/span&gt;&lt;span class=&quot;nx&quot;&gt;exports&lt;/span&gt; &lt;span class=&quot;o&quot;&gt;=&lt;/span&gt; &lt;span class=&quot;p&quot;&gt;{&lt;/span&gt;
	&lt;span class=&quot;nx&quot;&gt;listen_port&lt;/span&gt;&lt;span class=&quot;o&quot;&gt;:&lt;/span&gt; &lt;span class=&quot;mi&quot;&gt;3000&lt;/span&gt;&lt;span class=&quot;p&quot;&gt;,&lt;/span&gt;
	&lt;span class=&quot;nx&quot;&gt;database&lt;/span&gt;&lt;span class=&quot;o&quot;&gt;:&lt;/span&gt; &lt;span class=&quot;p&quot;&gt;{&lt;/span&gt;
		&lt;span class=&quot;nx&quot;&gt;host&lt;/span&gt;&lt;span class=&quot;o&quot;&gt;:&lt;/span&gt; &lt;span class=&quot;s2&quot;&gt;&amp;quot;127.0.0.1&amp;quot;&lt;/span&gt;&lt;span class=&quot;p&quot;&gt;,&lt;/span&gt;
		&lt;span class=&quot;nx&quot;&gt;port&lt;/span&gt;&lt;span class=&quot;o&quot;&gt;:&lt;/span&gt; &lt;span class=&quot;mi&quot;&gt;27017&lt;/span&gt;&lt;span class=&quot;p&quot;&gt;,&lt;/span&gt;
		&lt;span class=&quot;nx&quot;&gt;name&lt;/span&gt;&lt;span class=&quot;o&quot;&gt;:&lt;/span&gt; &lt;span class=&quot;s2&quot;&gt;&amp;quot;demo&amp;quot;&lt;/span&gt;
	&lt;span class=&quot;p&quot;&gt;},&lt;/span&gt;
	&lt;span class=&quot;nx&quot;&gt;sercurity&lt;/span&gt;&lt;span class=&quot;o&quot;&gt;:&lt;/span&gt; &lt;span class=&quot;p&quot;&gt;{&lt;/span&gt;
		&lt;span class=&quot;nx&quot;&gt;key&lt;/span&gt;&lt;span class=&quot;o&quot;&gt;:&lt;/span&gt; &lt;span class=&quot;s2&quot;&gt;&amp;quot;express.sid&amp;quot;&lt;/span&gt;&lt;span class=&quot;p&quot;&gt;,&lt;/span&gt;
		&lt;span class=&quot;nx&quot;&gt;secret&lt;/span&gt;&lt;span class=&quot;o&quot;&gt;:&lt;/span&gt; &lt;span class=&quot;s2&quot;&gt;&amp;quot;1234567890QWERTY&amp;quot;&lt;/span&gt;
	&lt;span class=&quot;p&quot;&gt;},&lt;/span&gt;
	&lt;span class=&quot;c1&quot;&gt;// socket_path: samples.js&lt;/span&gt;
	&lt;span class=&quot;c1&quot;&gt;// adding when using socket.io&lt;/span&gt;
	&lt;span class=&quot;c1&quot;&gt;// var global for using: socket, session&lt;/span&gt;
&lt;span class=&quot;p&quot;&gt;}&lt;/span&gt;&lt;/code&gt;&lt;/pre&gt;&lt;/div&gt;

&lt;p&gt;Using socket when u need&lt;/p&gt;

&lt;p&gt;Package using from fw&lt;/p&gt;

&lt;div class=&quot;highlight&quot;&gt;&lt;pre&gt;&lt;code class=&quot;language-javascript&quot; data-lang=&quot;javascript&quot;&gt;&lt;span class=&quot;c1&quot;&gt;//package.json&lt;/span&gt;
&lt;span class=&quot;p&quot;&gt;{&lt;/span&gt;
  &lt;span class=&quot;s2&quot;&gt;&amp;quot;name&amp;quot;&lt;/span&gt;&lt;span class=&quot;o&quot;&gt;:&lt;/span&gt; &lt;span class=&quot;s2&quot;&gt;&amp;quot;WNodeJS&amp;quot;&lt;/span&gt;&lt;span class=&quot;p&quot;&gt;,&lt;/span&gt;
  &lt;span class=&quot;s2&quot;&gt;&amp;quot;description&amp;quot;&lt;/span&gt;&lt;span class=&quot;o&quot;&gt;:&lt;/span&gt; &lt;span class=&quot;s2&quot;&gt;&amp;quot;MVC Framework for ExpressJS&amp;quot;&lt;/span&gt;&lt;span class=&quot;p&quot;&gt;,&lt;/span&gt;
  &lt;span class=&quot;s2&quot;&gt;&amp;quot;version&amp;quot;&lt;/span&gt;&lt;span class=&quot;o&quot;&gt;:&lt;/span&gt; &lt;span class=&quot;s2&quot;&gt;&amp;quot;1.0.0&amp;quot;&lt;/span&gt;&lt;span class=&quot;p&quot;&gt;,&lt;/span&gt;
  &lt;span class=&quot;s2&quot;&gt;&amp;quot;author&amp;quot;&lt;/span&gt;&lt;span class=&quot;o&quot;&gt;:&lt;/span&gt; &lt;span class=&quot;s2&quot;&gt;&amp;quot;Tan Bui (http://buminta.com)&amp;quot;&lt;/span&gt;&lt;span class=&quot;p&quot;&gt;,&lt;/span&gt;
  &lt;span class=&quot;s2&quot;&gt;&amp;quot;repository&amp;quot;&lt;/span&gt; &lt;span class=&quot;o&quot;&gt;:&lt;/span&gt; &lt;span class=&quot;p&quot;&gt;{&lt;/span&gt;
    &lt;span class=&quot;s2&quot;&gt;&amp;quot;type&amp;quot;&lt;/span&gt; &lt;span class=&quot;o&quot;&gt;:&lt;/span&gt; &lt;span class=&quot;s2&quot;&gt;&amp;quot;git&amp;quot;&lt;/span&gt;&lt;span class=&quot;p&quot;&gt;,&lt;/span&gt;
    &lt;span class=&quot;s2&quot;&gt;&amp;quot;url&amp;quot;&lt;/span&gt; &lt;span class=&quot;o&quot;&gt;:&lt;/span&gt; &lt;span class=&quot;s2&quot;&gt;&amp;quot;https://github.com/buminta/wnode.git&amp;quot;&lt;/span&gt;
  &lt;span class=&quot;p&quot;&gt;},&lt;/span&gt;
  &lt;span class=&quot;s2&quot;&gt;&amp;quot;dependencies&amp;quot;&lt;/span&gt;&lt;span class=&quot;o&quot;&gt;:&lt;/span&gt; &lt;span class=&quot;p&quot;&gt;{&lt;/span&gt;
    &lt;span class=&quot;s2&quot;&gt;&amp;quot;express&amp;quot;&lt;/span&gt;&lt;span class=&quot;o&quot;&gt;:&lt;/span&gt; &lt;span class=&quot;s2&quot;&gt;&amp;quot;3.x&amp;quot;&lt;/span&gt;&lt;span class=&quot;p&quot;&gt;,&lt;/span&gt;
    &lt;span class=&quot;s2&quot;&gt;&amp;quot;MD5&amp;quot;&lt;/span&gt;&lt;span class=&quot;o&quot;&gt;:&lt;/span&gt; &lt;span class=&quot;s2&quot;&gt;&amp;quot;latest&amp;quot;&lt;/span&gt;&lt;span class=&quot;p&quot;&gt;,&lt;/span&gt;
    &lt;span class=&quot;s2&quot;&gt;&amp;quot;socket.io&amp;quot;&lt;/span&gt;&lt;span class=&quot;o&quot;&gt;:&lt;/span&gt; &lt;span class=&quot;s2&quot;&gt;&amp;quot;latest&amp;quot;&lt;/span&gt;&lt;span class=&quot;p&quot;&gt;,&lt;/span&gt;
    &lt;span class=&quot;s2&quot;&gt;&amp;quot;jade&amp;quot;&lt;/span&gt;&lt;span class=&quot;o&quot;&gt;:&lt;/span&gt; &lt;span class=&quot;s2&quot;&gt;&amp;quot;latest&amp;quot;&lt;/span&gt;&lt;span class=&quot;p&quot;&gt;,&lt;/span&gt;
    &lt;span class=&quot;s2&quot;&gt;&amp;quot;connect&amp;quot;&lt;/span&gt;&lt;span class=&quot;o&quot;&gt;:&lt;/span&gt; &lt;span class=&quot;s2&quot;&gt;&amp;quot;latest&amp;quot;&lt;/span&gt;&lt;span class=&quot;p&quot;&gt;,&lt;/span&gt;
    &lt;span class=&quot;s2&quot;&gt;&amp;quot;mongodb&amp;quot;&lt;/span&gt;&lt;span class=&quot;o&quot;&gt;:&lt;/span&gt; &lt;span class=&quot;s2&quot;&gt;&amp;quot;latest&amp;quot;&lt;/span&gt;
  &lt;span class=&quot;p&quot;&gt;},&lt;/span&gt;
  &lt;span class=&quot;s2&quot;&gt;&amp;quot;engines&amp;quot;&lt;/span&gt;&lt;span class=&quot;o&quot;&gt;:&lt;/span&gt; &lt;span class=&quot;p&quot;&gt;{&lt;/span&gt;
    &lt;span class=&quot;s2&quot;&gt;&amp;quot;node&amp;quot;&lt;/span&gt;&lt;span class=&quot;o&quot;&gt;:&lt;/span&gt; &lt;span class=&quot;s2&quot;&gt;&amp;quot;0.10.x&amp;quot;&lt;/span&gt;&lt;span class=&quot;p&quot;&gt;,&lt;/span&gt;
    &lt;span class=&quot;s2&quot;&gt;&amp;quot;npm&amp;quot;&lt;/span&gt;&lt;span class=&quot;o&quot;&gt;:&lt;/span&gt; &lt;span class=&quot;s2&quot;&gt;&amp;quot;1.4.x&amp;quot;&lt;/span&gt;
  &lt;span class=&quot;p&quot;&gt;}&lt;/span&gt;
&lt;span class=&quot;p&quot;&gt;}&lt;/span&gt;&lt;/code&gt;&lt;/pre&gt;&lt;/div&gt;

&lt;ul&gt;
  &lt;li&gt;public folder for using somes file using in client&lt;/li&gt;
  &lt;li&gt;views folder for jade language of template application&lt;/li&gt;
  &lt;li&gt;models folder for class in out with database&lt;/li&gt;
  &lt;li&gt;controllers folder for class control request and responsive&lt;/li&gt;
&lt;/ul&gt;

&lt;div class=&quot;highlight&quot;&gt;&lt;pre&gt;&lt;code class=&quot;language-javascript&quot; data-lang=&quot;javascript&quot;&gt;&lt;span class=&quot;c1&quot;&gt;// controllers/demo.js&lt;/span&gt;
&lt;span class=&quot;c1&quot;&gt;// Extend from controller Class in libs.&lt;/span&gt;
&lt;span class=&quot;nx&quot;&gt;module&lt;/span&gt;&lt;span class=&quot;p&quot;&gt;.&lt;/span&gt;&lt;span class=&quot;nx&quot;&gt;exports&lt;/span&gt; &lt;span class=&quot;o&quot;&gt;=&lt;/span&gt; &lt;span class=&quot;nx&quot;&gt;Controller&lt;/span&gt;&lt;span class=&quot;p&quot;&gt;.&lt;/span&gt;&lt;span class=&quot;nx&quot;&gt;extend&lt;/span&gt;&lt;span class=&quot;p&quot;&gt;({&lt;/span&gt;
	&lt;span class=&quot;nx&quot;&gt;run&lt;/span&gt;&lt;span class=&quot;o&quot;&gt;:&lt;/span&gt; &lt;span class=&quot;kd&quot;&gt;function&lt;/span&gt;&lt;span class=&quot;p&quot;&gt;(){&lt;/span&gt;
		&lt;span class=&quot;c1&quot;&gt;//the first run before action runing&lt;/span&gt;
	&lt;span class=&quot;p&quot;&gt;},&lt;/span&gt;
	&lt;span class=&quot;nx&quot;&gt;index&lt;/span&gt;&lt;span class=&quot;o&quot;&gt;:&lt;/span&gt; &lt;span class=&quot;kd&quot;&gt;function&lt;/span&gt;&lt;span class=&quot;p&quot;&gt;(){&lt;/span&gt;
		&lt;span class=&quot;c1&quot;&gt;//action for controller&lt;/span&gt;
	&lt;span class=&quot;p&quot;&gt;}&lt;/span&gt;
&lt;span class=&quot;p&quot;&gt;});&lt;/span&gt;&lt;/code&gt;&lt;/pre&gt;&lt;/div&gt;

</description>
				<pubDate>Sat, 06 Sep 2014 00:00:00 +0700</pubDate>
				<link>http://buminta.com/nodejs/2014/09/06/framework-mvc-for-build-web-applicaion-by-nodejs.html</link>
				<guid isPermaLink="true">/nodejs/2014/09/06/framework-mvc-for-build-web-applicaion-by-nodejs.html</guid>
			</item>
		
			<item>
				<title>Chat Realtime WNodeJS</title>
				<description>&lt;p&gt;&lt;a href=&quot;https://github.com/Buminta/Node&quot;&gt;Beta version from git&lt;/a&gt;&lt;/p&gt;

&lt;p&gt;Node listening with port 3000&lt;/p&gt;

&lt;ul&gt;
  &lt;li&gt;Chat Real time with NodeJS, Socket.IO, ExpressJS, Jade Template&lt;/li&gt;
  &lt;li&gt;Create room chat and join to any room&lt;/li&gt;
  &lt;li&gt;Using demo MVC lite, with Express JS&lt;/li&gt;
&lt;/ul&gt;

&lt;p&gt;Listening MongoDB&lt;/p&gt;

&lt;div class=&quot;highlight&quot;&gt;&lt;pre&gt;&lt;code class=&quot;language-javascript&quot; data-lang=&quot;javascript&quot;&gt;&lt;span class=&quot;kd&quot;&gt;var&lt;/span&gt; &lt;span class=&quot;nx&quot;&gt;server&lt;/span&gt; &lt;span class=&quot;o&quot;&gt;=&lt;/span&gt; &lt;span class=&quot;k&quot;&gt;new&lt;/span&gt; &lt;span class=&quot;nx&quot;&gt;Server&lt;/span&gt;&lt;span class=&quot;p&quot;&gt;(&lt;/span&gt;&lt;span class=&quot;s1&quot;&gt;&amp;#39;127.0.0.1&amp;#39;&lt;/span&gt;&lt;span class=&quot;p&quot;&gt;,&lt;/span&gt; &lt;span class=&quot;mi&quot;&gt;27017&lt;/span&gt;&lt;span class=&quot;p&quot;&gt;,&lt;/span&gt; &lt;span class=&quot;p&quot;&gt;{&lt;/span&gt;&lt;span class=&quot;nx&quot;&gt;auto_reconnect&lt;/span&gt;&lt;span class=&quot;o&quot;&gt;:&lt;/span&gt; &lt;span class=&quot;kc&quot;&gt;true&lt;/span&gt;&lt;span class=&quot;p&quot;&gt;});&lt;/span&gt;
&lt;span class=&quot;kd&quot;&gt;var&lt;/span&gt; &lt;span class=&quot;nx&quot;&gt;db&lt;/span&gt; &lt;span class=&quot;o&quot;&gt;=&lt;/span&gt; &lt;span class=&quot;k&quot;&gt;new&lt;/span&gt; &lt;span class=&quot;nx&quot;&gt;Db&lt;/span&gt;&lt;span class=&quot;p&quot;&gt;(&lt;/span&gt;&lt;span class=&quot;s1&quot;&gt;&amp;#39;chatnode&amp;#39;&lt;/span&gt;&lt;span class=&quot;p&quot;&gt;,&lt;/span&gt; &lt;span class=&quot;nx&quot;&gt;server&lt;/span&gt;&lt;span class=&quot;p&quot;&gt;,&lt;/span&gt; &lt;span class=&quot;p&quot;&gt;{&lt;/span&gt;&lt;span class=&quot;nx&quot;&gt;safe&lt;/span&gt;&lt;span class=&quot;o&quot;&gt;:&lt;/span&gt;&lt;span class=&quot;kc&quot;&gt;false&lt;/span&gt;&lt;span class=&quot;p&quot;&gt;});&lt;/span&gt;&lt;/code&gt;&lt;/pre&gt;&lt;/div&gt;

&lt;p&gt;Restore database MongoDB for demo&lt;/p&gt;

&lt;div class=&quot;highlight&quot;&gt;&lt;pre&gt;&lt;code class=&quot;language-javascript&quot; data-lang=&quot;javascript&quot;&gt;&lt;span class=&quot;nx&quot;&gt;from&lt;/span&gt; &lt;span class=&quot;s2&quot;&gt;&amp;quot;./database/chatnode&amp;quot;&lt;/span&gt;
  &lt;span class=&quot;nx&quot;&gt;user&lt;/span&gt;&lt;span class=&quot;o&quot;&gt;/&lt;/span&gt;&lt;span class=&quot;nx&quot;&gt;password&lt;/span&gt;&lt;span class=&quot;o&quot;&gt;:&lt;/span&gt; &lt;span class=&quot;nx&quot;&gt;admin&lt;/span&gt;&lt;span class=&quot;o&quot;&gt;/&lt;/span&gt;&lt;span class=&quot;mi&quot;&gt;123456&lt;/span&gt;&lt;/code&gt;&lt;/pre&gt;&lt;/div&gt;
</description>
				<pubDate>Sat, 06 Sep 2014 00:00:00 +0700</pubDate>
				<link>http://buminta.com/nodejs/2014/09/06/chat-realtime-wnodejs.html</link>
				<guid isPermaLink="true">/nodejs/2014/09/06/chat-realtime-wnodejs.html</guid>
			</item>
		
	</channel>
</rss>
